Workbook

Sheet Architecture
B1: Name | C1: Assigned To: | D1: Initial Creation Date | E1: Last Update Date | F1: Version Number
A2: System Name | B2: Train Control System | C2: TrackOverflow
A3: Module 1 | B3: CTC | C3: Student Name Here
A4: Module 2 | B4: Wayside Controller | C4: Student Name Here
A5: Module 3 | B5: Track Model | C5: Student Name Here | D5: 46269 | E5: 46301 | F5: 0.2
A6: Module 4 | B6: Train Model | C6: Student Name Here
A7: Module 5 | B7: Train Controller | C7: Student Name Here
A8: Module 6 | B8: MBO | C8: Student Name Here
A10: Draw Architecture below.

Sheet CTC
A1: Module Name: | B1: =Architecture!B3
A2: Assigned To: | B2: =Architecture!C3
A3: Initial Date: | B3: =Architecture!D3
A4: Last Update: | B4: =Architecture!E3
A5: Version Number | B5: =Architecture!F3
A7: Module/Function | B7: Input Source | C7: Inputs | D7: Units | E7: Input Description
B8: SW Track Controller | C8: Block Occupancy | D8: bool (per block) | E8: Whether each block is occupied by a train; derived from wayside
A9: =B1 | B9: SW Track Controller | C9: Switch States | D9: enum (Normal/Reverse) | E9: Current position of each switch machine
A10: =A9 | B10: SW Track Controller | C10: Crossing States | D10: bool | E10: Whether each railway crossing gate is currently closed
A11: =A10 | B11: SW Track Controller | C11: Track Failure Status | D11: enum | E11: Broken rail, track circuit, or power failure per block
A12: =A11 | B12: MBO Overlay | C12: Safe Moving Block Authority | D12: m | E12: Maximum safe travel distance per train computed by MBO
A13: =A12 | B13: Dispatcher (UI) | C13: Dispatch Command | D13: string | E13: Train ID and destination block entered by dispatcher
A14: =A13 | B14: Dispatcher (UI) | C14: Block Maintenance Command | D14: enum (open/close) | E14: Open or close a track block for maintenance
A15: =A14
A16: =A9
A19: Module/Function | B19: Output Destination | C19: Outputs | D19: Units | E19: Output Description
B20: SW Track Controller | C20: Suggested Speed | D20: m/s | E20: Recommended speed per block forwarded to wayside for safety validation
A21: =B1 | B21: SW Track Controller | C21: Authority | D21: m | E21: Maximum distance a train may travel from its current block
A22: =A21 | B22: MBO Overlay | C22: Train Schedule | D22: - | E22: Schedule data exported to MBO planner for authority calculation
A23: =A22
A24: =A23
A25: =A24
A26: =A25
A27: =A26
A28: =A27
A29: =A28
A30: =A29
A31: =A30

Sheet Wayside Controller
A1: Module Name: | B1: =Architecture!B4
A2: Assigned To: | B2: =Architecture!C4
A3: Initial Date: | B3: =Architecture!D4
A4: Last Update: | B4: =Architecture!E4
A5: Version Number | B5: =Architecture!F4
A7: Module/Function | B7: Input Source | C7: Input Name | D7: Units | E7: Input Description
B8: CTC Office | C8: Suggested Speed | D8: m/s | E8: Recommended speed from CTC for each block
A9: =B1 | B9: CTC Office | C9: Authority | D9: m | E9: Permitted travel distance for each block from CTC
A10: =A9 | B10: Track Model | C10: Block Occupancy | D10: bool (per block) | E10: Whether each block is currently occupied
A11: =A10 | B11: Track Model | C11: Switch States | D11: enum (Normal/Reverse) | E11: Actual switch positions reported by Track Model
A12: =A11 | B12: Track Model | C12: Crossing States | D12: bool | E12: State of each railway crossing gate
A13: =A12 | B13: Track Model | C13: Track Failure Status | D13: enum | E13: Broken rail, track circuit, or power failure per block
A14: =A13
A15: =A14
A16: =A9
A19: Module/Function | B19: Output Destination | C19: Output Name | D19: Units | E19: Output Description
B20: Track Model | C20: Commanded Speed | D20: m/s | E20: Speed encoded into the track circuit after PLC safety check
A21: =B1 | B21: Track Model | C21: Authority | D21: m | E21: Authority encoded into the track circuit after PLC safety check
A22: =A21 | B22: Track Model | C22: Switch Position Command | D22: enum (Normal/Reverse) | E22: Commanded switch position output from PLC boolean logic
A23: =A22 | B23: Track Model | C23: Signal Light Color | D23: enum (Green/Yellow/Red) | E23: Wayside signal light colour per block
A24: =A23 | B24: CTC Office | C24: Block Occupancy Report | D24: bool (per block) | E24: Occupancy forwarded to CTC for system-wide monitoring
A25: =A24 | B25: CTC Office | C25: Switch State Report | D25: enum (Normal/Reverse) | E25: Switch positions forwarded to CTC for monitoring
A26: =A25 | B26: CTC Office | C26: Failure Report | D26: enum | E26: Active track failure status forwarded to CTC
A27: =A26
A28: =A27
A29: =A28
A30: =A29
A31: =A30

Sheet Track Model
A1: Module Name: | B1: =Architecture!B5
A2: Assigned To: | B2: =Architecture!C5
A3: Initial Date: | B3: =Architecture!D5
A4: Last Update: | B4: =Architecture!E5
A5: Version Number | B5: =Architecture!F5
A7: Module/Function | B7: Input Source | C7: Input Name | D7: Units | E7: Input Description
A9: =B1 | B9: SW Track Controller | C9: Commanded Speed | D9: int m/s (per block) | E9: Speed command, in whole m/s, to encode into each block's track circuit
A10: =A9 | B10: SW Track Controller | C10: Authority | D10: int blocks (per block) | E10: How many blocks past its current one a train in this block may still enter (0 = stop); encoded into the block's track circuit
A11: =A10 | B11: SW Track Controller | C11: Switch Position Command | D11: enum (Normal/Reverse) | E11: Commanded position for each switch machine. The Track Model applies it and never chooses a position
A12: =A11 | B12: SW Track Controller | C12: Signal Light Color Command | D12: enum (Green/Yellow/Red/SuperGreen) | E12: Colour to display on each wayside signal light. Lights stand on the block right before each switch
A13: =A12 | B13: SW Track Controller | C13: Crossing Gate Command | D13: bool (gate closed) | E13: Commanded state of each railway crossing gate
A14: =A13 | B14: SW Track Controller | C14: Heater Command | D14: bool (on/off, per section) | E14: Command to turn the track heaters in each section on or off
A15: =A14 | B15: Train Model | C15: Train Position | D15: block_id, offset (m) (per train) | E15: Block and metres travelled since entering it (the Train Model restarts it at 0 in each block; the Track Model carries the overshoot). Crossing the block's end moves the train on along the current switch positions; going below 0 rolls it back. Drives block occupancy
A16: =A15 | B16: Train Model | C16: Actual Speed | D16: m/s (signed, per train) | E16: Train speed; a train stopped at a station can board passengers
A17: =A16 | B17: Train Model | C17: Block Change Event | D17: bool (per train) | E17: Recorded only; it follows the Track Model's own block change
A18: =A17 | B18: Train Model | C18: Passenger Capacity | D18: int (per train) | E18: Seats the train can still fill; bounds Passengers Boarded
A19: =A18 | B19: Train Model | C19: Door State | D19: bool (per train) | E19: Whether a left or right door is open; passengers board only with a door open, the rule the Train Model accepts them by
A20: =A19 | B20: Environment (UI) | C20: Ambient Temperature | D20: degrees C | E20: Outside air temperature used to control the track heater (entered in degrees F on the UI)
A21: =A20 | B21: Environment (UI) | C21: Track Layout | D21: JSON file | E21: Line layout loaded at startup: blocks, length, grade (%), speed limit (km/h), elevation, stations, switches, crossings, and the direction of travel per block (next_blocks). Converted to degrees and m/s on read
... A23: =A22 | B23: "Database" | C23: Track Model | D23: N/A | E23: configurable Track Model stored in database
A26: Module/Function | B26: Output Destination | C26: Output Name | D26: Units | E26: Output Description
A28: =B1 | B28: Train Model | C28: Commanded Speed | D28: int m/s | E28: Commanded speed of the occupied block, in whole m/s, delivered via the track circuit
A29: =A28 | B29: Train Model | C29: Authority | D29: int blocks | E29: Authority of the occupied block, a count of blocks (0 = stop), delivered via the track circuit
A30: =A29 | B30: Train Model | C30: Beacon | D30: struct | E30: Station name, platform side (L/R, LR = both), and underground flag. Sent on blocks next to a station; none elsewhere
A31: =A30 | B31: Train Model | C31: Block ID | D31: block_id | E31: Block the train occupies
A32: =A31 | B32: Train Model | C32: Grade | D32: degrees | E32: Grade of the occupied block, used in Newton-law motion model
A33: =A32 | B33: Train Model | C33: Elevation | D33: m | E33: Elevation of the occupied block above datum
A34: =A33 | B34: Train Model | C34: Speed Limit | D34: m/s | E34: Speed limit of the occupied block
A35: =A34 | B35: Train Model | C35: Block Polarity | D35: bool | E35: Track circuit polarity. Reverses at every block change so the Train Model can detect it
A36: =A35 | B36: Train Model | C36: Station Name | D36: string or none | E36: Station in the occupied block, if any
A37: =A36 | B37: Train Model | C37: Passengers Boarded | D37: int | E37: Passengers boarding while the train is stopped at a station; at most its reported Passenger Capacity
A38: =A37 | B38: SW Track Controller | C38: Block Occupancy | D38: bool (per block) | E38: Occupied flag per block, from each train's position; a failed block also reads occupied. Relayed to the CTC Office by the Track Controller
A39: =A38 | B39: SW Track Controller | C39: Switch States | D39: enum (Normal/Reverse) | E39: Actual position of each switch machine after executing commands
A40: =A39 | B40: SW Track Controller | C40: Signal Light States | D40: enum (Green/Yellow/Red/SuperGreen) | E40: Colour each wayside signal light is showing
... A47: =A46 | B47: Database | C47: Track Model | D47: N/A | E47: configurable Track Model stored in database

Sheet Train Model
A1: Module Name: | B1: =Architecture!B6
A2: Assigned To: | B2: =Architecture!C6
A3: Initial Date: | B3: =Architecture!D6
A4: Last Update: | B4: =Architecture!E6
A5: Version Number | B5: =Architecture!F6
A7: Module/Function | B7: Input Source | C7: Input Name | D7: Units | E7: Input Description
B8: SW Train Controller | C8: Power Command | D8: W | E8: Engine power output commanded by the train controller
A9: =B1 | B9: SW Train Controller | C9: Service Brake | D9: bool | E9: Service brake engaged (True) or released (False)
A10: =A9 | B10: SW Train Controller | C10: Emergency Brake | D10: bool | E10: Emergency brake triggered by controller or passenger pull
A11: =A10 | B11: SW Train Controller | C11: Door Command (Left) | D11: bool | E11: Open (True) or close (False) the left platform doors
A12: =A11 | B12: SW Train Controller | C12: Door Command (Right) | D12: bool | E12: Open (True) or close (False) the right platform doors
A13: =A12 | B13: SW Train Controller | C13: Lights | D13: bool | E13: Cabin and headlight state commanded by train controller
A14: =A13 | B14: SW Train Controller | C14: Temperature Setpoint | D14: degrees F | E14: Requested cabin temperature for HVAC
A15: =A14 | B15: Track Model | C15: Track Signal | D15: struct | E15: Commanded speed (m/s), authority (m), beacon from track circuit
A16: =A9
A19: Module/Function | B19: Output Destination | C19: Output Name | D19: Units | E19: Output Description
B20: Track Model | C20: Train Position | D20: block_id, offset (m) | E20: Block and offset sent to Track Model for occupancy detection
A21: =B1 | B21: SW Train Controller | C21: Current Speed | D21: m/s | E21: Instantaneous speed from Newton-law motion simulation
A22: =A21 | B22: SW Train Controller | C22: Acceleration | D22: m/s^2 | E22: Instantaneous acceleration from motion simulation
A23: =A22 | B23: SW Train Controller | C23: Failure Status | D23: enum | E23: Engine, brake, or signal-pickup failure flags
A24: =A23 | B24: MBO Overlay | C24: Train Position | D24: block_id, offset (m) | E24: Position transmitted to MBO for safe authority calculation
A25: =A24 | B25: MBO Overlay | C25: Current Speed | D25: m/s | E25: Speed transmitted to MBO for safe stopping-distance calculation
A26: =A25
A27: =A26
A28: =A27
A29: =A28
A30: =A29
A31: =A30

Sheet Train Controller
A1: Module Name: | B1: =Architecture!B7
A2: Assigned To: | B2: =Architecture!C7
A3: Initial Date: | B3: =Architecture!D7
A4: Last Update: | B4: =Architecture!E7
A5: Version Number | B5: =Architecture!F7
A7: Module/Function | B7: Input Source | C7: Input Name | D7: Units | E7: Input Description
B8: Track Model | C8: Track Signal | D8: struct | E8: Commanded speed (m/s), authority (m), beacon decoded from track circuit
A9: =B1 | B9: Train Model | C9: Current Speed | D9: m/s | E9: Actual train speed used as feedback in the PI control law
A10: =A9 | B10: Train Model | C10: Acceleration | D10: m/s^2 | E10: Actual acceleration used as additional feedback in control law
A11: =A10 | B11: Train Model | C11: Failure Status | D11: enum | E11: Engine, brake, or signal-pickup failures reported by Train Model
A12: =A11 | B12: Driver (UI) | C12: Speed Setpoint | D12: m/s | E12: Operator-requested speed entered at the driver console
A13: =A12 | B13: Driver (UI) | C13: Emergency Brake | D13: bool | E13: Manual emergency brake activation by driver or passenger
A14: =A13
A15: =A14
A16: =A9
A19: Module/Function | B19: Output Destination | C19: Output Name | D19: Units | E19: Output Description
B20: Train Model | C20: Power Command | D20: W | E20: Engine power computed by the PI control law; capped at max engine power
A21: =B1 | B21: Train Model | C21: Service Brake | D21: bool | E21: Engage/release service brake to regulate speed or enforce authority
A22: =A21 | B22: Train Model | C22: Emergency Brake | D22: bool | E22: Engage emergency brake on safety fault or authority violation
A23: =A22 | B23: Train Model | C23: Door Command (Left) | D23: bool | E23: Open left doors when stopped at station on correct platform side
A24: =A23 | B24: Train Model | C24: Door Command (Right) | D24: bool | E24: Open right doors when stopped at station on correct platform side
A25: =A24 | B25: Train Model | C25: Cabin Lights | D25: bool | E25: Turn cabin lights on when underground or in low-light conditions
A26: =A25 | B26: Train Model | C26: Headlights | D26: bool | E26: Turn headlights on when underground or as conditions require
A27: =A26 | B27: Train Model | C27: Temperature Setpoint | D27: degrees F | E27: Forward operator temperature setting to Train Model HVAC
A28: =A27
A29: =A28
A30: =A29
A31: =A30

Sheet Instructions
A1: 1 | B1: Fill in header information on Architecture tab for Group name, student name and initial creation date
A2: 2 | B2: As changes are made, update the last update date and version number for the overall architecture and the individual modules on the Architecture tab
A3: 3 | B3: Draw a diagram representing the architecture, on the architecture tab, using boxes and directed lines labelled with the name of the input or output. Draw every I/O point
A4: 4 | B4: For each module, fill in the Input table with the input source, input name, units and write a brief but consice description of the input.
A5: 5 | B5: For each module, fill in the Output table with the output source, output name, units and write a brief but consice description of the output.
